/*
 Nathaniel Williams
 9/17/2020
 SQL Statement to create the DB for the team project
 */



--insert into Video (videoCode,videoLength) values ('401','3');

--insert into Model values ('garjnhd','6.00','13.00','1200.00','5.00','12.00');

--insert into Site values ('12','bar','123 W North St','505-524-9241');

--insert into DigitalDisplay values ('wbasdin','Smart','garjnhd');

insert into Client values ('14','Eddy Van Still','505-215-1548','45 N. Main St');

insert into TechnicalSupport values ('21','Sam Walking','m');

insert into Administrator values ('01','Sally Sitwell','f');

insert into Salesman values ('213','Brad Hill','m');

insert into AirtimePackage values ('12424','economy','2020-04-12','2020-05-01','3','876');

insert into AdmWorkHours values ('01','2020-09-14','12.75');

insert into Broadcasts values ('401','3');

insert into Administers values ('01','19823');

insert into Specializes values ('21','garjnhd');

insert into Purchases values ('14','213','12424','4.09');

insert into Locates values ('wbasdin','12');


insert into Video values ('003','5');

insert into Model values ('fragsfe','7.00','12.00','1600.00','9.00','18.00');

insert into Site values ('19','restaurant','654 E South St','505-525-4326');

insert into DigitalDisplay values ('blamo','Random','fragsfe');

insert into  Client values ('68','George Plant','505-453-1964','3312 West St');

insert into TechnicalSupport values ('25','Joan Small','f');

insert into Administrator values ('08','Micheal Blooth','m');

insert into Salesman values ('4540','Chris Lopez','m');

insert into AirtimePackage values ('12384','whole day','2020-07-19','2020-08-12','5','624');

insert into AdmWorkHours values ('08','2020-03-11','10.50');

insert into Broadcasts values ('003','765');

insert into Administers values ('08','34568');

insert into Specializes values ('25','fragsfe');

insert into Purchases values ('68','4540','12384','5.25');

insert into Locates values ('blamo','19');



insert into Video values ('044','2');

insert into Model values ('asddfgt','7.00','18.00','1900.00','8.00','24.00');

insert into Site values ('10','bar','15234 Chilicothe St','505-532-6482');

insert into DigitalDisplay values ('kapow','Virtue','asddfgt');

insert into  Client values ('24','Odell Tillman','505-264-8465','4206 Boman Dr');

insert into TechnicalSupport values ('34','Jackie McMullan','f');

insert into Administrator values ('04','Bob Lawblob','m');

insert into Salesman values ('242','Jake Currier','m');

insert into AirtimePackage values ('34569','golden hours','2020-09-02','2020-10-10','8','745');

insert into AdmWorkHours values ('04','2020-12-11','18.95');

insert into Broadcasts values ('044','564');

insert into Administers values ('04','19764');

insert into Specializes values ('34','asddfgt');

insert into Purchases values ('24','242','34569','6.87');

insert into Locates values ('kapow','10');



insert into Video values ('008','2');

insert into Model values ('thehehe','7.52','7.86','1945.08','6.45','22.05');

insert into Site values ('34','bar','456 Lane St','505-665-9852');

insert into DigitalDisplay values ('smokes','Smart','thehehe');

insert into  Client values ('26','Martin V Smith','505-564-1844','98 Lastein St');

insert into TechnicalSupport values ('42','Myles Garett','m');

insert into Administrator values ('11','Lou Williams','m');

insert into Salesman values ('554','Patricia Christiansen','f');

insert into AirtimePackage values ('13544','golden hours','2020-01-27','2020-02-28','5','777');

insert into AdmWorkHours values ('11','2020-06-24','09.80');

insert into Broadcasts values ('08','3154');

insert into Administers values ('11','20518');

insert into Specializes values ('42','thehehe');

insert into Purchases values ('26','554','13544','5.45');

insert into Locates values ('smokes','34');



